{"accuracy": [0.029230769723653793, 0.08788461238145828, 0.16423076391220093, 0.2494230717420578, 0.318461537361145, 0.36173075437545776, 0.41615384817123413, 0.45153847336769104, 0.4971153736114502, 0.5157692432403564, 0.5501922965049744, 0.5799999833106995, 0.5859615206718445, 0.6053845882415771, 0.620769202709198, 0.6338461637496948, 0.6405768990516663, 0.6734615564346313, 0.6715384721755981, 0.6813461780548096], "loss": [4.329904556274414, 3.9750654697418213, 3.599151849746704, 3.204922914505005, 2.8510587215423584, 2.597984552383423, 2.3421828746795654, 2.1597461700439453, 1.9942476749420166, 1.8659697771072388, 1.7443500757217407, 1.6482573747634888, 1.5768638849258423, 1.4961133003234863, 1.420056939125061, 1.3659168481826782, 1.333626389503479, 1.2391386032104492, 1.2186473608016968, 1.1766740083694458], "val_accuracy": [0.09622786939144135, 0.22093918919563293, 0.37490376830101013, 0.480369508266449, 0.5627405643463135, 0.6204773187637329, 0.6605080962181091, 0.695919930934906, 0.7128560543060303, 0.7351809144020081, 0.7536566853523254, 0.7628945112228394, 0.7659738063812256, 0.7798306345939636, 0.7913779616355896, 0.8021554946899414, 0.7936874628067017, 0.8083140850067139, 0.8152424693107605, 0.8183217644691467], "val_loss": [4.066415309906006, 3.6889591217041016, 3.1869277954101562, 2.729844331741333, 2.3721354007720947, 2.090701103210449, 1.8527629375457764, 1.6727354526519775, 1.5359139442443848, 1.4047486782073975, 1.2998816967010498, 1.2240608930587769, 1.151326060295105, 1.1077932119369507, 1.028772234916687, 1.0019307136535645, 0.965523898601532, 0.9238675832748413, 0.8857268691062927, 0.8605507016181946]}